[
  {
    "_id": "66a374596122a40616cb8599",
    "index": 0,
    "isBOTD": false,
    "Cost": "£39.26",
    "Image": "https://images.unsplash.com/photo-1672306319681-7b6d7ef349cf",
    "colour": "dark roast",
    "Name": "TURNABOUT",
    "Description": "Ipsum cupidatat nisi do elit veniam Lorem magna. Ullamco qui exercitation fugiat pariatur sunt dolore Lorem magna magna pariatur minim. Officia amet incididunt ad proident. Dolore est irure ex fugiat. Voluptate sunt qui ut irure commodo excepteur enim labore incididunt quis duis. Velit anim amet tempor ut labore sint deserunt.\r\n",
    "Country": "Peru"
  },
  {
    "_id": "66a374591a995a2b48761408",
    "index": 1,
    "isBOTD": false,
    "Cost": "£18.57",
    "Image": "https://images.unsplash.com/photo-1641399756770-9b0b104e67c1",
    "colour": "golden",
    "Name": "ISONUS",
    "Description": "Dolor fugiat duis dolore ut occaecat. Excepteur nostrud velit aute dolore sint labore do eu amet. Anim adipisicing quis ut excepteur tempor magna reprehenderit non ut excepteur minim. Anim dolore eiusmod nisi nulla aliquip aliqua occaecat.\r\n",
    "Country": "Vietnam"
  },
  {
    "_id": "66a374593ae6cb5148781b9b",
    "index": 2,
    "isBOTD": false,
    "Cost": "£33.87",
    "Image": "https://images.unsplash.com/photo-1522809269485-981d0c303355",
    "colour": "green",
    "Name": "ZILLAN",
    "Description": "Cillum nostrud mollit non ad dolore ad dolore veniam. Adipisicing anim commodo fugiat aute commodo occaecat officia id officia ullamco. Dolore irure magna aliqua fugiat incididunt ullamco ea. Aliqua eu pariatur cupidatat ut.\r\n",
    "Country": "Colombia"
  },
  {
    "_id": "66a37459771606d916a226ff",
    "index": 3,
    "isBOTD": true,
    "Cost": "£17.69",
    "Image": "https://images.unsplash.com/photo-1598198192305-46b0805890d3",
    "colour": "dark roast",
    "Name": "RONBERT",
    "Description": "Et deserunt nisi in anim cillum sint voluptate proident. Est occaecat id cupidatat cupidatat ex veniam irure veniam pariatur excepteur duis labore occaecat amet. Culpa adipisicing nisi esse consequat adipisicing anim. Fugiat tempor enim ullamco sint anim qui enim. Voluptate duis proident reprehenderit et duis nisi. In consectetur nisi eu cupidatat voluptate ullamco nulla esse cupidatat dolore sit. Cupidatat laboris adipisicing ullamco mollit culpa cupidatat ex laborum consectetur consectetur.\r\n",
    "Country": "Brazil"
  },
  {
    "_id": "66a3745945fcae53593c42e7",
    "index": 4,
    "isBOTD": false,
    "Cost": "£26.53",
    "Image": "https://images.unsplash.com/photo-1512568400610-62da28bc8a13",
    "colour": "green",
    "Name": "EARWAX",
    "Description": "Labore veniam amet ipsum eu dolor. Aliquip Lorem et eiusmod exercitation. Amet ex eu deserunt labore est ex consectetur ut fugiat. Duis veniam voluptate elit consequat tempor nostrud enim mollit occaecat.\r\n",
    "Country": "Vietnam"
  },
  {
    "_id": "66a37459591e872ce11c3b41",
    "index": 5,
    "isBOTD": false,
    "Cost": "£36.56",
    "Image": "https://images.unsplash.com/photo-1692299108834-038511803008",
    "colour": "light roast",
    "Name": "EVENTEX",
    "Description": "Reprehenderit est laboris tempor quis exercitation laboris. Aute nulla aliqua consectetur nostrud ullamco cupidatat do cillum amet reprehenderit mollit non voluptate. Deserunt consectetur reprehenderit nostrud enim proident ea. Quis quis voluptate ex dolore non reprehenderit minim veniam nisi aute do incididunt voluptate. Duis aliquip commodo cupidatat anim ut ullamco eiusmod culpa velit incididunt.\r\n",
    "Country": "Vietnam"
  },
  {
    "_id": "66a374599018ca32d01fee66",
    "index": 6,
    "isBOTD": false,
    "Cost": "£22.92",
    "Image": "https://images.unsplash.com/photo-1692296115158-38194aafa7df",
    "colour": "green",
    "Name": "NITRACYR",
    "Description": "Mollit deserunt tempor qui consectetur excepteur non. Laborum voluptate voluptate laborum non magna et. Ea velit ipsum labore occaecat ea do cupidatat duis adipisicing. Ut eiusmod dolor anim et ea ea. Aliquip mollit aliqua nisi velit consequat nisi. Laborum velit anim non incididunt non qui commodo. Ea voluptate dolore pariatur eu enim.\r\n",
    "Country": "Brazil"
  },
  {
    "_id": "66a37459cca42ce9e15676a3",
    "index": 7,
    "isBOTD": false,
    "Cost": "£37.91",
    "Image": "https://images.unsplash.com/photo-1522120378538-41fb9564bc75",
    "colour": "medium roast",
    "Name": "PARAGONIA",
    "Description": "Veniam laborum consequat minim laborum mollit id ea Lorem in. Labore aliqua dolore quis sunt aliquip commodo aute excepteur. Voluptate tempor consequat pariatur do esse consectetur sunt ut mollit magna enim.\r\n",
    "Country": "Colombia"
  },
  {
    "_id": "66a374590abf949489fb28f7",
    "index": 8,
    "isBOTD": false,
    "Cost": "£17.59",
    "Image": "https://images.unsplash.com/photo-1442550528053-c431ecb55509",
    "colour": "golden",
    "Name": "XLEEN",
    "Description": "Commodo veniam voluptate elit reprehenderit incididunt. Ut laboris dolor sint cupidatat ut adipisicing. Nostrud magna labore voluptate commodo in sunt proident sunt deserunt dolor ullamco officia tempor dolor. Laboris exercitation est mollit eiusmod nostrud. Sit qui ullamco minim cillum officia irure cillum tempor eu. Et cupidatat proident amet dolore non minim.\r\n",
    "Country": "Colombia"
  },
  {
    "_id": "66a374593a88b14d9fff0e2e",
    "index": 9,
    "isBOTD": false,
    "Cost": "£25.49",
    "Image": "https://images.unsplash.com/photo-1549420751-ea3f7ab42006",
    "colour": "green",
    "Name": "LOCAZONE",
    "Description": "Deserunt consequat ea incididunt aliquip. Occaecat excepteur minim occaecat aute amet adipisicing. Tempor id veniam ipsum et tempor pariatur anim elit laboris commodo mollit. Ipsum incididunt Lorem veniam id fugiat incididunt consequat est et. Id deserunt eiusmod esse duis cupidatat Lorem. Ullamco Lorem ullamco cupidatat nostrud amet id minim ut voluptate adipisicing ipsum. Fugiat reprehenderit laborum proident eiusmod esse sint adipisicing fugiat ex.\r\n",
    "Country": "Vietnam"
  },
  {
    "_id": "66a37459b7933d86991ce243",
    "index": 10,
    "isBOTD": false,
    "Cost": "£10.27",
    "Image": "https://images.unsplash.com/photo-1508690207469-5c5aebedf76d",
    "colour": "light roast",
    "Name": "ZYTRAC",
    "Description": "Qui deserunt adipisicing nulla ad enim commodo reprehenderit id veniam consequat ut do ea officia. Incididunt ex esse cupidatat consequat. Sit incididunt ex magna sint reprehenderit id minim non.\r\n",
    "Country": "Vietnam"
  },
  {
    "_id": "66a374592169e1bfcca2fb1c",
    "index": 11,
    "isBOTD": false,
    "Cost": "£16.44",
    "Image": "https://images.unsplash.com/photo-1694763768576-0c7c3af6a4d8",
    "colour": "medium roast",
    "Name": "FUTURIS",
    "Description": "Incididunt exercitation mollit duis consectetur consequat duis culpa tempor. Fugiat nisi fugiat dolore irure in. Fugiat nulla amet dolore labore laboris sint laborum pariatur commodo amet. Ut velit sit proident fugiat cillum cupidatat ea.\r\n",
    "Country": "Colombia"
  },
  {
    "_id": "66a37459cc0f1fb1d1a24cf0",
    "index": 12,
    "isBOTD": false,
    "Cost": "£32.77",
    "Image": "https://images.unsplash.com/photo-1692299108333-471157a30882",
    "colour": "green",
    "Name": "KLUGGER",
    "Description": "Pariatur qui Lorem sunt labore Lorem nulla nulla ea excepteur Lorem cillum amet. Amet ea officia incididunt culpa non. Do reprehenderit qui eiusmod dolore est deserunt labore do et dolore eiusmod quis elit.\r\n",
    "Country": "Peru"
  },
  {
    "_id": "66a37459caf60416d0571db4",
    "index": 13,
    "isBOTD": false,
    "Cost": "£19.07",
    "Image": "https://images.unsplash.com/photo-1673208127664-23a2f3b27921",
    "colour": "dark roast",
    "Name": "ZANITY",
    "Description": "Velit quis veniam velit et sint. Irure excepteur officia ipsum sint. Est ipsum pariatur exercitation voluptate commodo. Ex irure commodo exercitation labore nulla qui dolore ad quis.\r\n",
    "Country": "Honduras"
  },
  {
    "_id": "66a3745997fa4069ce1b418f",
    "index": 14,
    "isBOTD": false,
    "Cost": "£29.42",
    "Image": "https://images.unsplash.com/photo-1544486864-3087e2e20d91",
    "colour": "green",
    "Name": "XEREX",
    "Description": "Esse ad eiusmod eiusmod nisi cillum magna quis non voluptate nulla est labore in sunt. Magna aliqua pariatur commodo deserunt. Pariatur pariatur pariatur id excepteur ex elit veniam.\r\n",
    "Country": "Brazil"
  }
]